screen_name,Source,tweets,time_stamp
104816532,Africa,"@JulienOdoul @gdefournas @gouvernementFR owes #Africa,#Haiti,#AfricanAmericans,#FirstNations&amp;diasporas who builtğŸ‡«ğŸ‡·,ğŸ‡ºğŸ‡¸,ğŸ‡¬ğŸ‡§,@UN,@NATO,ğŸ‡ªğŸ‡º,ğŸ‡µğŸ‡¹,ğŸ‡ªğŸ‡¸,ğŸ‡³ğŸ‡±,ğŸ‡§ğŸ‡ª,ğŸ‡©ğŸ‡ª&amp;ğŸ‡¨ğŸ‡¦&amp;in WW1&amp;2. https://t.co/1NwN8qidPa
https://t.co/5pBBi2NuFG
https://t.co/U5zjKhOEE1
https://t.co/7oOs00P8zF
https://t.co/eHyum5QIzS
https://t.co/s1vFatfF1Q https://t.co/RJiHXvm8Mp",2022-11-04 04:18:04+00:00
1555504049444757505,Africa,"@antonioguterres âš ï¸Alertâš ï¸ || #TigrayUnderAttack by #Ethiopian drones after the peace agreement in south #Africa.
#World enough is enough you must take action to #StopWarOnTigray
&amp; to force #EritreaOutOfTigray now!!
@_AfricanUnionğŸš« @IntlCrimCourt @UNGeneva @UN @POTUS @EU_Commission  @UN_HRC @Hop https://t.co/cpTHGh1SEY",2022-11-04 04:17:05+00:00
104816532,Africa,"@jllacapelle @gdefournas @gouvernementFR owes #Africa,#Haiti,#AfricanAmericans,#FirstNations&amp;diasporas who builtğŸ‡«ğŸ‡·,ğŸ‡ºğŸ‡¸,ğŸ‡¬ğŸ‡§,@UN,@NATO,ğŸ‡ªğŸ‡º,ğŸ‡µğŸ‡¹,ğŸ‡ªğŸ‡¸,ğŸ‡³ğŸ‡±,ğŸ‡§ğŸ‡ª,ğŸ‡©ğŸ‡ª&amp;ğŸ‡¨ğŸ‡¦&amp;in WW1&amp;2. https://t.co/1NwN8qidPa
https://t.co/5pBBi2NuFG
https://t.co/U5zjKhOEE1
https://t.co/7oOs00P8zF
https://t.co/eHyum5QIzS
https://t.co/s1vFatfF1Q https://t.co/RJiHXvm8Mp",2022-11-04 04:17:05+00:00
1554719440914243584,Africa,"May his Excellency Soul Rest Easy. ğŸ™

One day, #Africa will take back her power. 

May AFRICA RISE. âœŠ https://t.co/abQ3GeY5d2",2022-11-04 04:16:22+00:00
104816532,Africa,"@BFMTV @gdefournas @gouvernementFR owes #Africa,#Haiti,#AfricanAmericans,#FirstNations&amp;diasporas who builtğŸ‡«ğŸ‡·,ğŸ‡ºğŸ‡¸,ğŸ‡¬ğŸ‡§,@UN,@NATO,ğŸ‡ªğŸ‡º,ğŸ‡µğŸ‡¹,ğŸ‡ªğŸ‡¸,ğŸ‡³ğŸ‡±,ğŸ‡§ğŸ‡ª,ğŸ‡©ğŸ‡ª&amp;ğŸ‡¨ğŸ‡¦&amp;in WW1&amp;2. https://t.co/1NwN8qidPa
https://t.co/5pBBi2NuFG
https://t.co/U5zjKhOEE1
https://t.co/7oOs00P8zF
https://t.co/eHyum5QIzS
https://t.co/s1vFatfF1Q https://t.co/RJiHXvm8Mp",2022-11-04 04:16:12+00:00
861942444,Africa,"#EastAfrica #Africa #Hunger #Crisis: Let's sign the #petition to save some lives now https://t.co/1gbl1qWw92 
#Starvation #Humanitarian #Aid #HumanitarianAid #SaveLife",2022-11-04 04:15:52+00:00
104816532,Africa,"@CNEWS @gdefournas @gouvernementFR owes #Africa,#Haiti,#AfricanAmericans,#FirstNations&amp;diasporas who builtğŸ‡«ğŸ‡·,ğŸ‡ºğŸ‡¸,ğŸ‡¬ğŸ‡§,@UN,@NATO,ğŸ‡ªğŸ‡º,ğŸ‡µğŸ‡¹,ğŸ‡ªğŸ‡¸,ğŸ‡³ğŸ‡±,ğŸ‡§ğŸ‡ª,ğŸ‡©ğŸ‡ª&amp;ğŸ‡¨ğŸ‡¦&amp;in WW1&amp;2. https://t.co/1NwN8qidPa
https://t.co/5pBBi2NuFG
https://t.co/U5zjKhOEE1
https://t.co/7oOs00P8zF
https://t.co/eHyum5QIzS
https://t.co/s1vFatfF1Q https://t.co/RJiHXvm8Mp",2022-11-04 04:15:37+00:00
1539205900468211713,Africa,SCAM ALERT IN IVORY COAST - BEN CHIZA MKANDAWIRE #ivorycoast #cotedivoire #abidjan #africa #MyScamstory #civ #abidjanestdoux #Nigeria #assinie #abidjanplaces #malawi https://t.co/IDzS37LhoI,2022-11-04 04:15:07+00:00
104816532,Africa,"@ELevyCauseur @gdefournas @gouvernementFR owes #Africa,#Haiti,#AfricanAmericans,#FirstNations&amp;diasporas who builtğŸ‡«ğŸ‡·,ğŸ‡ºğŸ‡¸,ğŸ‡¬ğŸ‡§,@UN,@NATO,ğŸ‡ªğŸ‡º,ğŸ‡µğŸ‡¹,ğŸ‡ªğŸ‡¸,ğŸ‡³ğŸ‡±,ğŸ‡§ğŸ‡ª,ğŸ‡©ğŸ‡ª&amp;ğŸ‡¨ğŸ‡¦&amp;in WW1&amp;2. https://t.co/1NwN8q04B2
https://t.co/5pBBi34xHG
https://t.co/U5zjKhwvpT
https://t.co/7oOs00wZlx
https://t.co/eHyum67LBS
https://t.co/s1vFatwI3Q https://t.co/RJiHXv3Zyh",2022-11-04 04:14:35+00:00
2328627306,Africa,#RamCharan #UpasanaKamineni make for one happy couple in pictures from #Africa vacay | #AlwaysRamCharan https://t.co/UhNwwHmFIs,2022-11-04 04:13:31+00:00
1467391457933754369,Africa,"Tseke completed 100 days of his 10,000km walkathon for #SaveSoilMovement #Africa #CapeAghuluspoint https://t.co/BvD5AcYSZI",2022-11-04 04:11:46+00:00
104816532,Africa,"@BilongoCarlos @gouvernementFR owes #Africa,#Haiti,#AfricanAmericans,#FirstNations&amp;diasporas who builtğŸ‡«ğŸ‡·,ğŸ‡ºğŸ‡¸,ğŸ‡¬ğŸ‡§,@UN,@NATO,ğŸ‡ªğŸ‡º,ğŸ‡µğŸ‡¹,ğŸ‡ªğŸ‡¸,ğŸ‡³ğŸ‡±,ğŸ‡§ğŸ‡ª,ğŸ‡©ğŸ‡ª&amp;ğŸ‡¨ğŸ‡¦&amp;in WW1&amp;2. https://t.co/1NwN8q04B2
https://t.co/5pBBi34xHG
https://t.co/U5zjKhwvpT
https://t.co/7oOs00wZlx
https://t.co/eHyum67LBS
https://t.co/s1vFatwI3Q https://t.co/RJiHXv3Zyh",2022-11-04 04:11:09+00:00
1558493812397207552,Africa,Please sign to help the barbaric Yulin festival in China! #bandogmeat #dogmeattrade #USA #China #Vietnam #Europe #SouthKorea #Indonesia #help #dogs #rescuedogs #Canada #UnitedKingdom #Germany #Africa #donations #ukraine #russia https://t.co/myTKlAxF1T,2022-11-04 04:10:20+00:00
1539205900468211713,Africa,SCAM ALERT IN IVORY COAST - BEN CHIZA MKANDAWIRE #ivorycoast #cotedivoire #abidjan #africa #MyScamstory #civ #abidjanestdoux #Nigeria #assinie #abidjanplaces #malawi https://t.co/ZUmTxMe4oa,2022-11-04 04:10:07+00:00
1578014838877454337,Africa,"African ICT infrastructure can pave way for leap forward. One major lesson for Africa from Covid-19 is the negative impact on workers in jobs that cannot be performed remotely. Â Jobs typically in sectors that dominate Africaâ€™s economies #africa #africaict
https://t.co/sJg2vfmDYW https://t.co/OyHW37XAaY",2022-11-04 04:10:05+00:00
1244852472037937153,Africa,#Breaking: Far-right MP shouts â€˜go back to #Africaâ€™ at black rival in #French parliament during migrationÂ debate https://t.co/VlmulbRG5c,2022-11-04 04:09:21+00:00
104816532,Africa,"@paul_denton @gouvernementFR owes #Africa,#Haiti,#AfricanAmericans,#FirstNations&amp;diasporas who builtğŸ‡«ğŸ‡·,ğŸ‡ºğŸ‡¸,ğŸ‡¬ğŸ‡§,@UN,@NATO,ğŸ‡ªğŸ‡º,ğŸ‡µğŸ‡¹,ğŸ‡ªğŸ‡¸,ğŸ‡³ğŸ‡±,ğŸ‡§ğŸ‡ª,ğŸ‡©ğŸ‡ª&amp;ğŸ‡¨ğŸ‡¦&amp;in WW1&amp;2. https://t.co/1NwN8qidPa
https://t.co/5pBBi2NuFG
https://t.co/U5zjKhOEE1
https://t.co/7oOs00P8zF
https://t.co/eHyum5QIzS
https://t.co/s1vFatfF1Q https://t.co/RJiHXvm8Mp",2022-11-04 04:08:20+00:00
1566617216648630273,Africa,"We are committed to building a better future for Africa one person at a time.

Join the waitlist at https://t.co/dJCKEZ8wWQ and stand a chance to win NGN1,000,000 when we hit 100,000 subscribed users. 

#kredete #fintech #credit #personalfinance #Africa #Nigeria https://t.co/9DASK3uDg6",2022-11-04 04:07:42+00:00
2828579059,Africa,"Pope Francis Warns of the Danger of â€˜Spiritual Arroganceâ€™ 
In his Sunday Angelus address, Pope Francis warned that ""spiritual arrogance"" can lead to adoration of personal ego inst...
https://t.co/LEg8E4VogU
#30dayswiththePope #Newsdeskinbox 
#africa #bisho... https://t.co/6cPEv4l7YU",2022-11-04 04:07:04+00:00
1566617216648630273,Africa,"Kredete is a personal finance company that's focused on helping everyone in Africa make financial progress. We believe that when it comes to money, everyone deserves a chance to succeed.

Join the waitlist via the link in our bio. 

#kredete #Credit #Africa #fintech #tech https://t.co/kLX64hXEWF",2022-11-04 04:05:07+00:00
1539205900468211713,Africa,SCAM ALERT IN IVORY COAST - BEN CHIZA MKANDAWIRE #ivorycoast #cotedivoire #abidjan #africa #MyScamstory #civ #abidjanestdoux #Nigeria #assinie #abidjanplaces #malawi https://t.co/OYRdjf3Rhk,2022-11-04 04:05:03+00:00
104816532,Africa,"@AssembleeNat @gouvernementFR owes #Africa,#Haiti,#AfricanAmericans,#FirstNations&amp;diasporas who builtğŸ‡«ğŸ‡·,ğŸ‡ºğŸ‡¸,ğŸ‡¬ğŸ‡§,@UN,@NATO,ğŸ‡ªğŸ‡º,ğŸ‡µğŸ‡¹,ğŸ‡ªğŸ‡¸,ğŸ‡³ğŸ‡±,ğŸ‡§ğŸ‡ª,ğŸ‡©ğŸ‡ª&amp;ğŸ‡¨ğŸ‡¦&amp;in WW1&amp;2. https://t.co/1NwN8qidPa
https://t.co/5pBBi2NuFG
https://t.co/U5zjKhOEE1
https://t.co/7oOs00P8zF
https://t.co/eHyum5QIzS
https://t.co/s1vFatfF1Q https://t.co/RJiHXvm8Mp",2022-11-04 04:04:46+00:00
1498645645527515139,Africa,Tandoori Masala | Tandoori Spice Mix | Barbeque Spices | Homemade Tandoori Masala | Indian Spice Blend | Seasoning Blend | Healthy Spice https://t.co/OEeHKgHvl5 via @Etsy  #travel #market #souq #africa #travelgram #colourscinnamon #cinnamon #ceyloncinnamon #truecinnamon #cinnamon,2022-11-04 04:02:44+00:00
1498645645527515139,Africa,Organic Raita Masala | Curd | Yogurt Spice | Fruit | Veg Raita | Homemade Masala | Indian Spice Blend | Seasoning Blend | Healthy Spice https://t.co/6BEKXmzwPd via @Etsy  #travel #market #souq #africa #travelgram #colourscinnamon #cinnamon #ceyloncinnamon #truecinnamon #cinnamons,2022-11-04 04:02:30+00:00
1498645645527515139,Africa,Vegetable Masala Powder | Dry Sabji Curry | Veg Masala Spice Mix | Homemade Masala | Indian Spice Blend | Healthy Spice | Seasoning Blend https://t.co/i55bFnWl2i via @Etsy  #travel #market #souq #africa #travelgram #colourscinnamon #cinnamon #ceyloncinnamon #truecinnamon #cinnamo,2022-11-04 04:01:48+00:00
73800371,Africa,"Pope Francis Warns of the Danger of â€˜Spiritual Arroganceâ€™ 
In his Sunday Angelus address, Pope Francis warned that ""spiritual arrogance"" can lead to adoration of personal ego inst...
https://t.co/40dFhOUQFi
#30dayswiththePope #Newsdeskinbox 
#africa #bisho... https://t.co/kYQholppWf",2022-11-04 04:01:47+00:00
1498645645527515139,Africa,Fish Masala Powder | Sea Food Spice | Fish Curry Spice Mix | Homemade Fish Masala | Indian Spice Blend | Seasoning Blend | Healthy Spice https://t.co/yMWCJ7zqQ5 via @Etsy  #travel #market #souq #africa #travelgram #colourscinnamon #cinnamon #ceyloncinnamon #truecinnamon #cinnamon,2022-11-04 04:01:12+00:00
1498645645527515139,Africa,Organic Chat Masala | Chaat Masala Powder | Sprinkle on Fruits | Homemade Masala | Indian Spice Blend | Seasoning Blend | Healthy Spice https://t.co/RSNjJcTh3R via @Etsy  #travel #market #souq #africa #travelgram #colourscinnamon #cinnamon #ceyloncinnamon #truecinnamon #cinnamons,2022-11-04 04:00:57+00:00
1498645645527515139,Africa,Chicken Butter Masala | Butter Chicken Masala | Barbeque Spices | Homemade Masala | Indian Spice Blend | Seasoning Blend | Healthy Spice https://t.co/LTDGt21HyV via @Etsy  #travel #market #souq #africa #travelgram #colourscinnamon #cinnamon #ceyloncinnamon #truecinnamon #cinnamon,2022-11-04 04:00:43+00:00
399830887,Africa,"How can infrastructure investment through #PPPs deliver public services in #Africa? @johnsonkilangi provides important insights. 

Learn more: https://t.co/bEFGtbCwNi https://t.co/HAGUJTb6Nu",2022-11-04 04:00:39+00:00
1539205900468211713,Africa,SCAM ALERT IN IVORY COAST - BEN CHIZA MKANDAWIRE #ivorycoast #cotedivoire #abidjan #africa #MyScamstory #civ #abidjanestdoux #Nigeria #assinie #abidjanplaces #malawi https://t.co/jdAbXDDRzb,2022-11-04 04:00:10+00:00
1498645645527515139,Africa,Spicy Egg Masala | Anda Curry | Saksuka Masala | Egg Spice Mix | Homemade Egg Masala | Indian Spice Blend | Seasoning Blend | Healthy Spice https://t.co/yYBQYlyJLd via @Etsy  #travel #market #souq #africa #travelgram #colourscinnamon #cinnamon #ceyloncinnamon #truecinnamon #cin,2022-11-04 04:00:01+00:00
2828579059,Africa,"India: Vatican Appointee Faces Boycott in Archdiocese 
Priests and lay leaders in the archdiocese have been opposing the imposition of a liturgical pattern approved by the bis...
https://t.co/NPqmHqsXf8
#Asia #Newsdeskinbox #World 
#africa #ArchbishopAndr... https://t.co/DuEdrSY3fs",2022-11-04 03:59:56+00:00
1498645645527515139,Africa,Organic Mint Powder | Dry Pudina Powder | Chutney Powder | Dried Mint Powder | Mint Leaves Powder | Organic Herbs | Homemade Mint Powder https://t.co/AKfOiuxTNM via @Etsy  #travel #market #souq #africa #travelgram #colourscinnamon #cinnamon #ceyloncinnamon #truecinnamon #cinnamon,2022-11-04 03:59:10+00:00
1498645645527515139,Africa,"Organic Kasuri Methi, Organic Dry Fenugreek Leaves, Premium Quality, Organic Pure Kasuri Methi, Indian methi, Whole Dried Fenugreek Leaf. https://t.co/mP8PWu54e5 via @Etsy  #travel #market #souq #africa #travelgram #colourscinnamon #cinnamon #ceyloncinnamon #truecinnamon #cinnamo",2022-11-04 03:58:40+00:00
1498645645527515139,Africa,Indian Long Pepper | Pipali | Pippali | Long Peppercorns | Piper longum Whole &amp; Powder | Indigestion | | Cough | Immune Booster https://t.co/qY5qMeg5AX via @Etsy  #travel #market #souq #africa #travelgram #colourscinnamon #cinnamon #ceyloncinnamon #truecinnamon #cinnamonsticks,2022-11-04 03:58:26+00:00
100001965,Africa,"Those who have eyes will see !
Those who have ears will hear !

The Gov of Ethiopia cares more than Digital Weyanne &amp; Relatives/ Beneficiaries of TPLF who don't reside in Tigray.

#SayNomore #GameOver #Ethiopia #Eritrea #Africa",2022-11-04 03:58:25+00:00
1498645645527515139,Africa,"Organic Cinnamon Powder, Herbal Cinnamon stick, Pure cinnamon bark powder, Cinnamon bark https://t.co/6ZuIv7aIg2 via @Etsy  #travel #market #souq #africa #travelgram #colourscinnamon #cinnamon #ceyloncinnamon #truecinnamon #cinnamonsticks",2022-11-04 03:58:12+00:00
1498645645527515139,Africa,"Organic Star Anise, Illicium Velum, Whole Dried Herb, Anise Star Pods, Ayurvedic Herb, Home Remedy For Indigestion And Constipation https://t.co/3nToVhps5n via @Etsy  #travel #market #souq #africa #travelgram #colourscinnamon #cinnamon #ceyloncinnamon #truecinnamon #cinnamonstick",2022-11-04 03:57:58+00:00
1498645645527515139,Africa,White Sesame Seeds | Safaid Til | Sesamum Indicum | Hulled Sesame Seeds | Herbal Seeds | High Fiber Food | Organic Seeds | Healthy seeds https://t.co/qi7vMr662O via @Etsy  #travel #market #souq #africa #travelgram #colourscinnamon #cinnamon #ceyloncinnamon #truecinnamon #cinnamon,2022-11-04 03:57:20+00:00
1498645645527515139,Africa,"Cardamom, Whole Cardamom, Grounded Cardamom, Indian spice, Healthy spice, Organic spice, Herbal spice, https://t.co/BdlPbxjFBb via @Etsy  #travel #market #souq #africa #travelgram #colourscinnamon #cinnamon #ceyloncinnamon #truecinnamon #cinnamonsticks",2022-11-04 03:57:04+00:00
1498645645527515139,Africa,Black Jakhiya Seeds | Cleome Viscose | Mountain Mustard | Wild Mustard | Indian Mustard Seeds | Natural Seed | Cooking Spice | Herbal Seeds https://t.co/x8KLNnAglx via @Etsy  #travel #market #souq #africa #travelgram #colourscinnamon #cinnamon #ceyloncinnamon #truecinnamon #cinna,2022-11-04 03:56:51+00:00
1498645645527515139,Africa,"Asafoetida, whole Asafoetida, grounded Asafoetida,, Indian spice, healthy spice, organice spice, herbal spice, https://t.co/0DE4npOZk1 via @Etsy  #travel #market #souq #africa #travelgram #colourscinnamon #cinnamon #ceyloncinnamon #truecinnamon #cinnamonsticks",2022-11-04 03:56:20+00:00
1498645645527515139,Africa,"Organic Flax Seed, Alsi Seeds, Ground Flax Seed, Brown Flax seeds, Linseed Powder, Herbal Seeds, High Fiber Food, Organic Seeds. https://t.co/k1TcOnB82s via @Etsy  #travel #market #souq #africa #travelgram #colourscinnamon #cinnamon #ceyloncinnamon #truecinnamon #cinnamonsticks",2022-11-04 03:55:01+00:00
1498645645527515139,Africa,"Black pepper, Whole Black pepper, GroundedBlack pepper, Indian spice, Healthy spice, Organic spice, Herbal spice, https://t.co/SsXwqo04hF via @Etsy  #travel #market #souq #africa #travelgram #colourscinnamon #cinnamon #ceyloncinnamon #truecinnamon #cinnamonsticks",2022-11-04 03:54:50+00:00
1498645645527515139,Africa,Coconut Milk Powder | Coconut Powder | Organic Super Food | Homemade Masala | Indian Spice | Whole Foods and Ground Spices | Healthy Cooking https://t.co/o0WcSn84hZ via @Etsy  #travel #market #souq #africa #travelgram #colourscinnamon #cinnamon #ceyloncinnamon #truecinnamon #cinn,2022-11-04 03:53:59+00:00
73800371,Africa,"India: Vatican Appointee Faces Boycott in Archdiocese 
Priests and lay leaders in the archdiocese have been opposing the imposition of a liturgical pattern approved by the bis...
https://t.co/0gDwn4Y3v2
#Asia #Newsdeskinbox #World 
#africa #ArchbishopAndr... https://t.co/6hkKudM2Po",2022-11-04 03:53:53+00:00
1498645645527515139,Africa,"clove, whole clove, grounded clove, Indian spice, healthy spice, organice spice, herbal spice, https://t.co/RbUD8FgpaE via @Etsy  #travel #market #souq #africa #travelgram #colourscinnamon #cinnamon #ceyloncinnamon #truecinnamon #cinnamonsticks",2022-11-04 03:53:41+00:00
1498645645527515139,Africa,Poppy Seeds | Opium Poppy | Khus Khus | Papaver Somniferum | oilseeds | Herbal Seeds | High Fiber Food | Organic Seeds | Healthy seeds https://t.co/nFszxQvKhQ via @Etsy  #travel #market #souq #africa #travelgram #colourscinnamon #cinnamon #ceyloncinnamon #truecinnamon #cinnamonst,2022-11-04 03:53:12+00:00
1498645645527515139,Africa,Organic Mango Powder | Amchur Powder | Dry Mango Powder | Indian Spices | Green Mango Powder | Herbal Spice | Healthy Spice | Fruit Powder https://t.co/aRgVl0AwX5 via @Etsy  #travel #market #souq #africa #travelgram #colourscinnamon #cinnamon #ceyloncinnamon #truecinnamon #cinnam,2022-11-04 03:52:25+00:00
1498645645527515139,Africa,"Red chilly, Red chilly whole, Grounded Red chilly, Organic spice, Healing spice, Indian spice, Natural spice https://t.co/irL9TGO4EL via @Etsy  #travel #market #souq #africa #travelgram #colourscinnamon #cinnamon #ceyloncinnamon #truecinnamon #cinnamonsticks",2022-11-04 03:52:10+00:00
1498645645527515139,Africa,"Turmeric, Whole turmeric, Grounded turmeric, Healing spice, Antiseptic herb, Curry powder https://t.co/Ya3jiR16ZC via @Etsy  #travel #market #souq #africa #travelgram #colourscinnamon #cinnamon #ceyloncinnamon #truecinnamon #cinnamonsticks",2022-11-04 03:52:00+00:00
1498645645527515139,Africa,"Coriander, Whole Coriander, Grounded Coriander, Organic spice, Healing spice, Indian spice https://t.co/sAyFoqqKYk via @Etsy  #travel #market #souq #africa #travelgram #colourscinnamon #cinnamon #ceyloncinnamon #truecinnamon #cinnamonsticks",2022-11-04 03:51:47+00:00
1498645645527515139,Africa,"Natural curry leaves, Dried Curry Leaves, Authentic Indian Cooking spices, Premium Quality, Herbs and Spices, Fresh dried curry leaves. https://t.co/ylCy8smgvm via @Etsy  #travel #market #souq #africa #travelgram #colourscinnamon #cinnamon #ceyloncinnamon #truecinnamon #cinnamons",2022-11-04 03:51:35+00:00
1053672844075393027,Africa,@Antonio_Tajani The international community needs not to support dictators who are going to build a worse North Korean state in #Africa . I hate to see the Italian ambassador in cordial relations with a murderous dictator's son who is destroying our country #Uganda. #Kunga #Uganda #Congo https://t.co/DN5URbI8cj https://t.co/0vB5RPwdzO,2022-11-04 03:51:30+00:00
1498645645527515139,Africa,Organic Pomegranate Seeds | Best Anardana | Dry Pomegranate Candy | Wild Pomegranate | Daru | Anardana Seed | Digestive spices | Gummy Candy https://t.co/EWqEFmb8GN via @Etsy  #travel #market #souq #africa #travelgram #colourscinnamon #cinnamon #ceyloncinnamon #truecinnamon #cinn,2022-11-04 03:51:16+00:00
1498645645527515139,Africa,"Indian Black cardamom, Cardamom powder, Best Quality of black Cardamom ,Natural spice, Organic spice https://t.co/rL0VbepUMJ via @Etsy  #travel #market #souq #africa #travelgram #colourscinnamon #cinnamon #ceyloncinnamon #truecinnamon #cinnamonsticks",2022-11-04 03:50:54+00:00
1498645645527515139,Africa,"Black salt ,Black salt whole, Grounded Black salt, Organic spice, Healing spice, Indian spice, Natural spice https://t.co/0r3TuDKL9n via @Etsy  #travel #market #souq #africa #travelgram #colourscinnamon #cinnamon #ceyloncinnamon #truecinnamon #cinnamonsticks",2022-11-04 03:50:12+00:00
1498645645527515139,Africa,"natural Jaggery, jaggery rock, Indian jaggery, Jaggery powder, Sugarcane jaggery, Non GMO jaggery. https://t.co/TxxfJwo6LB via @Etsy  #travel #market #souq #africa #travelgram #colourscinnamon #cinnamon #ceyloncinnamon #truecinnamon #cinnamonsticks",2022-11-04 03:49:36+00:00
1498645645527515139,Africa,Herbal White Pepper | White Peppercorns | Whole &amp; Ground Pepper | Piper Nigrum | Natural Indian Spices | Ayurvedic Herb | Healthy https://t.co/1h2hM7XZ2G via @Etsy  #travel #market #souq #africa #travelgram #colourscinnamon #cinnamon #ceyloncinnamon #truecinnamon #cinnamonsticks,2022-11-04 03:49:20+00:00
1498645645527515139,Africa,Organic Ginger Root | Dry Ginger Powder | Ginger Root Powder | Dried Ginger Root | Helps Vata &amp; Kapha | Weight Management | Ayurvedic Herb https://t.co/5ejwreVqSF via @Etsy  #travel #market #souq #africa #travelgram #colourscinnamon #cinnamon #ceyloncinnamon #truecinnamon #cinnam,2022-11-04 03:49:08+00:00
1498645645527515139,Africa,"yellow mustered, yellow mustered seed, Grounded yellow mustered, Organic spice, Natural spice, Indian spice https://t.co/E1u9bg1DSP via @Etsy  #travel #market #souq #africa #travelgram #colourscinnamon #cinnamon #ceyloncinnamon #truecinnamon #cinnamonsticks",2022-11-04 03:48:47+00:00
1498645645527515139,Africa,Organic Ajwain Seeds | Carom Cervi | Bishops Weed | Indian Spice Seed | Ayurvedic Herb | Healthy Spice | Organic Seed | Natural Caraway https://t.co/QwH0qVbmee via @Etsy  #travel #market #souq #africa #travelgram #colourscinnamon #cinnamon #ceyloncinnamon #truecinnamon #cinnamons,2022-11-04 03:48:33+00:00
1498645645527515139,Africa,"Black mustered, Black mustered seed, Grounded Black mustered, Organic spice, Natural spice, Indian spice https://t.co/nUuWBPj2Yy via @Etsy  #travel #market #souq #africa #travelgram #colourscinnamon #cinnamon #ceyloncinnamon #truecinnamon #cinnamonsticks",2022-11-04 03:48:12+00:00
1498645645527515139,Africa,Black Sesame Seeds | Kale Til | Sesamum Indicum | Herbal Seeds | High Fiber Food | Organic Seeds | Healthy seeds | Black Tahini https://t.co/d0bHBCJ9Yi via @Etsy  #travel #market #souq #africa #travelgram #colourscinnamon #cinnamon #ceyloncinnamon #truecinnamon #cinnamonsticks,2022-11-04 03:47:58+00:00
1498645645527515139,Africa,"Cumin, Cumin seed, Grounded Cumin, Organic spice, Healing spice, Indian spice, Natural spice https://t.co/w4IWCMzrwZ via @Etsy  #travel #market #souq #africa #travelgram #colourscinnamon #cinnamon #ceyloncinnamon #truecinnamon #cinnamonsticks",2022-11-04 03:47:45+00:00
1498645645527515139,Africa,"Organic Saffron Spice, Saffron Threads, Kesar, Crocus Sativus, Skin Booster, Appetite Management, Ayurvedic Herb, Cooking Spice. https://t.co/GbaDAHe7No via @Etsy #travel #market #souq #africa #travelgram #colourscinnamon #cinnamon #ceyloncinnamon #truecinnamon #cinnamonsticks",2022-11-04 03:47:28+00:00
1498645645527515139,Africa,Organic Nigella Sativa | Black Cumin Seed | Indian Kalonji | Onion Seed | Black Caraway | Antioxidants | Inflammation | Cholesterol https://t.co/tthATHPtej via @Etsy #travel #market #souq #africa #travelgram #colourscinnamon #cinnamon #ceyloncinnamon #truecinnamon #cinnamonsticks,2022-11-04 03:46:43+00:00
1277154856806035456,Africa,"Intending to expand across #Africa, EGAAD has pumped 12 development projects in 8 African countries, spanning different fields including construction, energy, water treatment, agriculture, mining, logistics, and healthcare, among others. By @sheriftarek.

https://t.co/kOS7o9CTv1",2022-11-04 03:46:34+00:00
727931684751089664,Africa,#AfricaIsChanging #RT Poetry like prose style site:Taught as Dark Continent did #Africa add to #Modern #Civilization https://t.co/ajziOG2xzQ,2022-11-04 03:46:04+00:00
18017198,Africa,"Intending to expand across #Africa, EGAAD has pumped 12 development projects in 8 African countries, spanning different fields including construction, energy, water treatment, agriculture, mining, logistics, and healthcare, among others. By @sheriftarek.

https://t.co/ylZh4JO4Iq",2022-11-04 03:37:00+00:00
1577992762951188480,Africa,"We are planning, working and executing... 

Watch the space....ğŸš€

#food #Foodie #startup #foodstartup 
#Hunger
#feeding #Africa #nigeria #UnitedNations #UNdevelopmentgoals #mdgs",2022-11-04 03:35:28+00:00
1539205900468211713,Africa,SCAM ALERT IN IVORY COAST - BEN CHIZA MKANDAWIRE #ivorycoast #cotedivoire #abidjan #africa #MyScamstory #civ #abidjanestdoux #Nigeria #assinie #abidjanplaces #malawi https://t.co/FchYT4JQYn,2022-11-04 03:35:06+00:00
2828579059,Africa,"For Kenyan Catholic Bishop, Synodal Process Opens â€œnew horizons of listening, understandingâ€ 
In the October 29 interview, Bishop Obanyi said the continental phase of the Synod will help Catholic Church leaders to ...
https://t.co/eeAODSFymk
#Africa #N... https://t.co/XujOJX0x79",2022-11-04 03:33:22+00:00
1539205900468211713,Africa,SCAM ALERT IN IVORY COAST - BEN CHIZA MKANDAWIRE #ivorycoast #cotedivoire #abidjan #africa #MyScamstory #civ #abidjanestdoux #Nigeria #assinie #abidjanplaces #malawi https://t.co/9CoyOlOxWN,2022-11-04 03:30:10+00:00
3869030112,Africa,"Bridging the #digitaldivide in #Africa will not be possible without adequate people-centred #cybersecurity measures, states @NwanyiTeacher https://t.co/xoWM0keDl0",2022-11-04 03:30:00+00:00
29793488,Africa,"#African green fertiliser produced from green hydrogen can be significantly cheaper than imported grey fertiliser, and better for the environment. @afr_h2_p envisages a corridor to interconnect the evolving #hydrogen ecosystems in East #Africa https://t.co/Xnsag2Xvn8",2022-11-04 03:29:37+00:00
629171125,Africa,"FastBDS From Indonesia - Building the Future of Banking Technologies. It allows banks to make any  systems: Web Teller System, Mobile Banking and Internet Banking #Myname #Washington #Newyork #Vietnam #Italy #England #Africa #Musk #TheFed #PaulChan #Bsumane #Reza #Iowa #Covid https://t.co/zLzziKqks0",2022-11-04 03:29:19+00:00
73800371,Africa,"For Kenyan Catholic Bishop, Synodal Process Opens â€œnew horizons of listening, understandingâ€ 
In the October 29 interview, Bishop Obanyi said the continental phase of the Synod will help Catholic Church leaders to ...
https://t.co/N46dmTyS6m
#Africa #N... https://t.co/4la7d0S4QR",2022-11-04 03:28:29+00:00
2828579059,Africa,"Missionaries Receive Pauline Jaricot Award 

Father Pier Luiggi Maccali and Sister Gloria Cecilia Narvaez, both kidnapped and freed in Mali, received the Blessed P...
https://t.co/Pu9LCM8gsb
#World 
#africa #BlessedPaulineJaricot #Bomoanga #CatholicNews... https://t.co/4gk5gv0Bhp",2022-11-04 03:26:46+00:00
1539205900468211713,Africa,SCAM ALERT IN IVORY COAST - BEN CHIZA MKANDAWIRE #ivorycoast #cotedivoire #abidjan #africa #MyScamstory #civ #abidjanestdoux #Nigeria #assinie #abidjanplaces #malawi https://t.co/TZ8n13cHVR,2022-11-04 03:25:05+00:00
45072905,Africa,"#TikTok , #Twitter , #Google ) #Florida , #NYC , #Africa , #Asia , #UK , #DominicanRepublic , #Cuba Fans ) #PinUpsATL , #FolliesATL , #G5ive , #Miami , #Y100Miami ) https://t.co/EUiB5haAO7",2022-11-04 03:25:04+00:00
1093681439491538944,Africa,Champions music - by Golden Boy (Fospassin) https://t.co/UJVfqSkeBA #champions #ASUUstrike #bajwa_traitor #beats #instrumental #TheRainInEspanaCastReveal #Africa #sportsmusic #wearechampions #Afrobeat #coupedecale,2022-11-04 03:24:47+00:00
68545047,Africa,"Now playing on African Affairs Radio: mandela by midnight groovers! 
Tune in now: https://t.co/4PJNyYARst
https://t.co/vPWVVJEfq7
#cloudcomputing #cloud #aws #azure #gcp #python #coding #Africa #Africans @africanaffairs #lofi",2022-11-04 03:24:43+00:00
4158367234,Africa,Mastercard Foundation Scholars Program at the University of Cambridge | Postgraduate Admissions is offering full scholarships for students from #Africa who are interested in coming to @Cambridge_Uni for their postgraduate studies.  https://t.co/M477AXzPXR,2022-11-04 03:23:10+00:00
1281828309727354880,Africa,#Zimbabwe I simply do not understand how @daddyhope who considers himself to be the best investigative journalist in #Africa can deny the effects of #USA illegal #sanctions on #Zim and why @SecBlinken @SenateForeign @ChrisCoons @USEmbZim maintains them on every yearâ€¼ï¸ #NoMore https://t.co/nH7plzZ73p,2022-11-04 03:23:06+00:00
73800371,Africa,"Missionaries Receive Pauline Jaricot Award 

Father Pier Luiggi Maccali and Sister Gloria Cecilia Narvaez, both kidnapped and freed in Mali, received the Blessed P...
https://t.co/jsbqkg6TYo
#World 
#africa #BlessedPaulineJaricot #Bomoanga #CatholicNews... https://t.co/nmLRKos6Wt",2022-11-04 03:21:04+00:00
2828579059,Africa,"Dozens of Catholic Villagers Reportedly Killed in Central Nigeria Raid 
Details are still emerging after a violent raid by Fulani herdsmen on Oct. 19 in Benue State, Central Nigeria, reportedl...
https://t.co/2iI9D7RBNN
#Africa #Newsdeskinbox #World 
#africa #b... https://t.co/hgF185o3yl",2022-11-04 03:20:10+00:00
1539205900468211713,Africa,SCAM ALERT IN IVORY COAST - BEN CHIZA MKANDAWIRE #ivorycoast #cotedivoire #abidjan #africa #MyScamstory #civ #abidjanestdoux #Nigeria #assinie #abidjanplaces #malawi https://t.co/L215lwv9c4,2022-11-04 03:20:04+00:00
180748385,Africa,"Bridging the #digitaldivide in #Africa will not be possible without adequate people-centred #cybersecurity measures, states @NwanyiTeacher https://t.co/av7iqg3EP6",2022-11-04 03:20:00+00:00
2828579059,Africa,"Pope Francis Cautions Nigerian Youth against Passivity amid â€œFundamentalism, Terrorismâ€ 
Banditry and terrorism lead not only to â€œsocial suicideâ€ but also â€œaffects the countryâ€™s ultimate survivalâ€, Pope Franci...
https://t.co/JhApAf0vpK
#Africa #Newsdeskinbo... https://t.co/b9gzLnUqsl",2022-11-04 03:16:09+00:00
1539205900468211713,Africa,SCAM ALERT IN IVORY COAST - BEN CHIZA MKANDAWIRE #ivorycoast #cotedivoire #abidjan #africa #MyScamstory #civ #abidjanestdoux #Nigeria #assinie #abidjanplaces #malawi https://t.co/mjlG3dFMYJ,2022-11-04 03:15:04+00:00
73800371,Africa,"Dozens of Catholic Villagers Reportedly Killed in Central Nigeria Raid 
Details are still emerging after a violent raid by Fulani herdsmen on Oct. 19 in Benue State, Central Nigeria, reportedl...
https://t.co/FWczwlcpNe
#Africa #Newsdeskinbox #World 
#africa #b... https://t.co/l1Qc875h0r",2022-11-04 03:14:13+00:00
1202221488,Africa,"HIRING: Front End Developer (exp. React Native/Mobile Dev)| Remote w/ flexitime / Africa, South Asia, Southeast Asia, Taiwan,, Indonesia https://t.co/vbbSoCzJt9 #FRW #remote #remotework #remotejobs #jobalert #wfh #workfromhome #hiringnow #jobsearch #Africa #SouthAsia",2022-11-04 03:11:35+00:00
73800371,Africa,"Pope Francis Cautions Nigerian Youth against Passivity amid â€œFundamentalism, Terrorismâ€ 
Banditry and terrorism lead not only to â€œsocial suicideâ€ but also â€œaffects the countryâ€™s ultimate survivalâ€, Pope Franci...
https://t.co/I4pJ8Rn78h
#Africa #Newsdeskinbo... https://t.co/pEWtekrDVM",2022-11-04 03:10:58+00:00
1539205900468211713,Africa,SCAM ALERT IN IVORY COAST - BEN CHIZA MKANDAWIRE #ivorycoast #cotedivoire #abidjan #africa #MyScamstory #civ #abidjanestdoux #Nigeria #assinie #abidjanplaces #malawi https://t.co/hTdB9s7Z0B,2022-11-04 03:10:07+00:00
467030775,Africa,".RESPECT! please 
@francediplo
#espace_gg
#voxafrica 
#Africa
#Afrique https://t.co/AG9XcMxIRF",2022-11-04 03:08:36+00:00
895920813253185536,Africa,"Did you miss our newly appointed CEO Tim Strong in his first interview with @andrewscotttv at @Proactive_au?

Here he discusses near-term exploration plans for our Kada #Gold Project in Guinea.

ğŸ“ºFull interview: https://t.co/dqyzXsFyOC

$GMR #exploration #Africa @timothystrong88 https://t.co/70FNHsNvWK",2022-11-04 03:08:15+00:00
1582561131851300864,Africa,"Pretoriuskop Rest Camp, Kruger National Park, South Africa. African Hoopoe and a Forked Tailed Drongo

#wildlifephotography #wildlife #birdphotography #TwitterNaturePhotography #TwitterNatureCommunity #wildlife  #camping #hiking #safari #Africa #nature #wild #krugernationalpark https://t.co/Th6qf74jwM",2022-11-04 03:07:25+00:00
1539205900468211713,Africa,SCAM ALERT IN IVORY COAST - BEN CHIZA MKANDAWIRE #ivorycoast #cotedivoire #abidjan #africa #MyScamstory #civ #abidjanestdoux #Nigeria #assinie #abidjanplaces #malawi https://t.co/r9SSY5JpCM,2022-11-04 03:05:03+00:00
